{
    "sleep_impact": 2.57820987701416,
    "stress_impact": 9.967514991760254,
    "focus_impact": 1.0378541946411133,
    "screen_time_impact": 4.263465881347656
}